{"_default": {"1": {"enabled": true, "config": {"ng_backpacks": {"main": "Green Backpack", "loot": "Red Backpack"}, "ng_cave": {"enabled": true, "runToCreatures": true, "waypoints": {"items": [{"label": "refill", "type": "walk", "coordinate": [32681, 31686, 6], "options": {}, "ignore": true, "passinho": false}, {"label": "", "type": "depositItems", "coordinate": [32681, 31686, 6], "options": {}, "ignore": false, "passinho": false}, {"label": "", "type": "walk", "coordinate": [32681, 31669, 6], "options": {}, "ignore": true, "passinho": false}, {"label": "", "type": "walk", "coordinate": [32670, 31660, 6], "options": {}, "ignore": true, "passinho": false}, {"label": "", "type": "walk", "coordinate": [32670, 31659, 6], "options": {}, "ignore": false, "passinho": false}, {"label": "", "type": "walk", "coordinate": [32670, 31659, 6], "options": {"action": "sell", "note": "unsupported"}, "ignore": true, "passinho": false}, {"label": "", "type": "walk", "coordinate": [32670, 31659, 6], "options": {"action": "buy_potions", "note": "unsupported"}, "ignore": true, "passinho": false}, {"label": "", "type": "walk", "coordinate": [32669, 31663, 6], "options": {}, "ignore": false, "passinho": false}, {"label": "", "type": "walk", "coordinate": [32669, 31663, 6], "options": {"action": "check_supplies", "note": "unsupported"}, "ignore": true, "passinho": false}, {"label": "go_hunt", "type": "walk", "coordinate": [32659, 31664, 6], "options": {}, "ignore": true, "passinho": false}, {"label": "", "type": "walk", "coordinate": [32656, 31673, 6], "options": {}, "ignore": true, "passinho": false}, {"label": "", "type": "walk", "coordinate": [32656, 31674, 6], "options": {}, "ignore": false, "passinho": false}, {"label": "", "type": "walk", "coordinate": [32645, 31693, 7], "options": {}, "ignore": true, "passinho": false}, {"label": "", "type": "walk", "coordinate": [32638, 31713, 7], "options": {}, "ignore": true, "passinho": false}, {"label": "", "type": "walk", "coordinate": [32616, 31716, 7], "options": {}, "ignore": true, "passinho": false}, {"label": "hunt", "type": "walk", "coordinate": [32607, 31702, 7], "options": {}, "ignore": true, "passinho": false}, {"label": "", "type": "walk", "coordinate": [32603, 31704, 7], "options": {}, "ignore": false, "passinho": false}, {"label": "", "type": "walk", "coordinate": [32612, 31703, 8], "options": {}, "ignore": true, "passinho": false}, {"label": "", "type": "walk", "coordinate": [32616, 31700, 8], "options": {}, "ignore": false, "passinho": false}, {"label": "", "type": "walk", "coordinate": [32612, 31683, 9], "options": {}, "ignore": false, "passinho": false}, {"label": "", "type": "walk", "coordinate": [32618, 31706, 10], "options": {}, "ignore": true, "passinho": false}, {"label": "", "type": "walk", "coordinate": [32634, 31700, 10], "options": {}, "ignore": true, "passinho": false}, {"label": "", "type": "walk", "coordinate": [32623, 31688, 10], "options": {}, "ignore": true, "passinho": false}, {"label": "", "type": "useRope", "coordinate": [32612, 31683, 10], "options": {}, "ignore": false, "passinho": false}, {"label": "", "type": "walk", "coordinate": [32604, 31707, 9], "options": {}, "ignore": true, "passinho": false}, {"label": "", "type": "walk", "coordinate": [32627, 31709, 9], "options": {}, "ignore": true, "passinho": false}, {"label": "", "type": "walk", "coordinate": [32642, 31709, 9], "options": {}, "ignore": true, "passinho": false}, {"label": "", "type": "walk", "coordinate": [32639, 31692, 9], "options": {}, "ignore": true, "passinho": false}, {"label": "", "type": "walk", "coordinate": [32631, 31677, 9], "options": {}, "ignore": true, "passinho": false}, {"label": "", "type": "useRope", "coordinate": [32622, 31691, 9], "options": {}, "ignore": false, "passinho": false}, {"label": "", "type": "walk", "coordinate": [32607, 31697, 8], "options": {}, "ignore": true, "passinho": false}, {"label": "", "type": "walk", "coordinate": [32605, 31701, 8], "options": {}, "ignore": false, "passinho": false}, {"label": "", "type": "walk", "coordinate": [32603, 31703, 8], "options": {}, "ignore": false, "passinho": false}, {"label": "", "type": "useRope", "coordinate": [32603, 31704, 8], "options": {}, "ignore": false, "passinho": false}, {"label": "continue", "type": "walk", "coordinate": [32603, 31704, 8], "options": {"action": "check", "note": "unsupported"}, "ignore": true, "passinho": false}, {"label": "leave", "type": "walk", "coordinate": [32610, 31712, 7], "options": {}, "ignore": true, "passinho": false}, {"label": "", "type": "walk", "coordinate": [32630, 31713, 7], "options": {}, "ignore": true, "passinho": false}, {"label": "", "type": "walk", "coordinate": [32640, 31709, 7], "options": {}, "ignore": true, "passinho": false}, {"label": "", "type": "walk", "coordinate": [32649, 31684, 7], "options": {}, "ignore": true, "passinho": false}, {"label": "", "type": "useLadder", "coordinate": [32656, 31674, 7], "options": {}, "ignore": false, "passinho": false}, {"label": "", "type": "walk", "coordinate": [32666, 31686, 6], "options": {}, "ignore": true, "passinho": false}, {"label": "", "type": "walk", "coordinate": [32681, 31687, 6], "options": {}, "ignore": true, "passinho": false}, {"label": "", "type": "walk", "coordinate": [32681, 31687, 6], "options": {"action": "check_time", "note": "unsupported"}, "ignore": true, "passinho": false}, {"label": "train", "type": "walk", "coordinate": [32681, 31687, 6], "options": {}, "ignore": true, "passinho": false}]}}, "ng_comboSpells": {"enabled": true, "items": [{"enabled": true, "name": "Default", "creatures": {"compare": "greaterThanOrEqual", "value": 1}, "spells": [{"name": "utito tempo", "hotkey": "F4"}, {"name": "exori", "hotkey": "F5"}, {"name": "exeta res", "hotkey": "F12"}, {"name": "exori gran", "hotkey": "F6"}, {"name": "exori mas", "hotkey": "F7"}, {"name": "exeta res", "hotkey": "F12"}, {"name": "exori", "hotkey": "F5"}, {"name": "utito tempo", "hotkey": "F4"}, {"name": "exeta res", "hotkey": "F12"}, {"name": "exori gran", "hotkey": "F6"}, {"name": "exori", "hotkey": "F5"}, {"name": "exeta res", "hotkey": "F12"}, {"name": "exori mas", "hotkey": "F7"}], "currentSpellIndex": 0}]}, "general_hotkeys": {"shovel_hotkey": "F10", "rope_hotkey": "F11"}, "auto_hur": {"enabled": true, "hotkey": "F8", "spell": "utani tempo hur", "pz": false}, "alert": {"enabled": true, "cave": true, "sayPlayer": true}, "clear_stats": {"poison": false, "poison_hotkey": "g"}, "ignorable_creatures": [], "healing": {"highPriority": {"healthFood": {"enabled": false, "hotkey": "3", "hpPercentageLessThanOrEqual": 0}, "manaFood": {"enabled": false, "hotkey": "4", "manaPercentageLessThanOrEqual": 0}, "swapRing": {"enabled": false, "tankRing": {"hotkey": "t", "hpPercentageLessThanOrEqual": 0, "slot": 13}, "mainRing": {"hotkey": "F1", "hpPercentageGreaterThan": 0, "slot": 13}, "tankRingAlwaysEquipped": false}, "swapAmulet": {"enabled": false, "tankAmulet": {"hotkey": "p", "hpPercentageLessThanOrEqual": 0, "slot": 14}, "mainAmulet": {"hotkey": "p", "hpPercentageGreaterThan": 0, "slot": 14}, "tankAmuletAlwaysEquipped": false}}, "potions": {"firstHealthPotion": {"enabled": true, "hotkey": "F1", "slot": 1, "hpPercentageLessThanOrEqual": 50, "manaPercentageGreaterThanOrEqual": 0}, "firstManaPotion": {"enabled": true, "hotkey": "F2", "slot": 2, "manaPercentageLessThanOrEqual": 80}}, "spells": {"criticalHealing": {"enabled": true, "hotkey": "F1", "hpPercentageLessThanOrEqual": 60, "manaPercentageGreaterThanOrEqual": 0, "spell": "exura ico"}, "lightHealing": {"enabled": false, "hotkey": "F3", "hpPercentageLessThanOrEqual": 85, "manaPercentageGreaterThanOrEqual": 0, "spell": "exura med ico"}, "utura": {"enabled": false, "hotkey": "8", "hpPercentageLessThanOrEqual": 0, "manaPercentageGreaterThanOrEqual": 0, "spell": null}, "uturaGran": {"enabled": false, "hotkey": "9", "hpPercentageLessThanOrEqual": 0, "manaPercentageGreaterThanOrEqual": 0, "spell": null}}, "eatFood": {"enabled": true, "hotkey": "F7", "eatWhenFoodIslessOrEqual": 0}}, "window_title": "Tibia - Murderer of Royal", "manual_auto_attack": {"enabled": false, "method": "hotkey", "hotkey": "pageup", "interval_s": 0.7, "only_when_not_attacking": false, "key_repeat": 1, "pre_delay_s": 0.02, "click_modifier": "none", "click_button": "left", "focus_before": false, "focus_after_s": 0.05}, "ng_runtime": {"attack_from_battlelist": true, "targeting_diag": false, "window_diag": false, "dump_task_on_timeout": false, "status_log_interval_s": 2.0, "loot_modifier": "shift", "attack_only": false, "allow_attack_without_coord": false, "warn_on_window_miss": false, "action_window_title": "Tibia - Onniwabanshu", "capture_window_title": "Proyector en ventana (Fuente) - Tibia_Fuente", "start_paused": true, "depot_open_button": "left", "battlelist_prefer_names": "Orc Warrior,Orc Spearman,Orc,Wasp", "battlelist_ignore_names": "Deer", "attack_while_waypointing": false, "dump_radar_on_fail": false, "dump_radar_min_interval_s": 60, "dump_radar_persistent": false, "diag_radar_missing_threshold": 30, "dump_radar_persistent_min_interval_s": 120}}}}}